Top queries,Clicks,Impressions,CTR,Position
smartwhip,627,20670,3.03%,4.28
smart whip,354,11472,3.09%,3.37
smart whips,97,2396,4.05%,4.63
smartwhip uk,68,1558,4.36%,5.23
smartwhip canister,46,1573,2.92%,4.78
smartwhips,22,1494,1.47%,6.65
smartwhip london,20,183,10.93%,4.11
smartwhip wholesale,14,327,4.28%,7.43
smartwhip wholesale uk,14,197,7.11%,6.46
smartwhip nitrous oxide,14,106,13.21%,3.09
smart whip canisters,13,855,1.52%,4.54
2kg smartwhip,12,825,1.45%,5.04
smartehip,12,355,3.38%,4.27
smartwhip manchester,12,75,16%,6.13
smart whips london,10,94,10.64%,3.37
smartwhip bulk,9,110,8.18%,5.85
smartwhip pallet,8,176,4.55%,6.69
smartwhip birmingham,8,64,12.5%,3
smartwhip balloons,6,246,2.44%,4.49
nitrous oxide smartwhip,5,51,9.8%,2.47
smartwhip near me,5,46,10.87%,11.52
smart whip manchester,5,24,20.83%,6.71
smart wip,4,422,0.95%,5.19
smartwhips uk,4,224,1.79%,8.42
buy smartwhip,4,156,2.56%,9.92
smartwhop,4,76,5.26%,4.17
smart whips manchester,4,31,12.9%,7
smartwhi,4,19,21.05%,2.89
what is smartwhip,3,560,0.54%,6.15
2kg smart whip,3,194,1.55%,7.31
smartwhio,3,162,1.85%,4.34
smartwhip canisters,3,112,2.68%,4.4
smart whil,3,93,3.23%,5.11
smartwhil,3,86,3.49%,4.09
smart whip.,3,81,3.7%,2.59
smartwhip 2kg,3,68,4.41%,3.65
smartwhips london,3,38,7.89%,4.18
smart whip canister,2,403,0.5%,6.8
smart whip uk,2,117,1.71%,7.7
smartwhip bulk cheap,2,90,2.22%,6.36
smarwhip,2,87,2.3%,4.05
smartwhip tank,2,84,2.38%,4.36
smartwhip crates,2,65,3.08%,7.2
smart whip wholesale,2,65,3.08%,8.52
pallet of smart whips,2,61,3.28%,8.41
big smart whip,2,50,4%,4.54
fast gas smartwhip,2,36,5.56%,9.39
smart whip bulk,2,31,6.45%,7.61
smartwhip cream charger,2,30,6.67%,4
smart whip london,2,27,7.41%,4.22
smartwhip cream deluxe,2,18,11.11%,5.72
cream chargers near me,2,11,18.18%,6.55
smartwhip delivery near me,2,11,18.18%,11.36
smartwhip liverpool,2,8,25%,4.12
smart whips uk,1,512,0.2%,10.15
snart whip,1,126,0.79%,3.76
snartwhip,1,98,1.02%,4.33
big smartwhip,1,90,1.11%,2.51
smartwhip.,1,81,1.23%,4.58
smartwhip wholesale pallets,1,60,1.67%,6.03
smart whipp,1,56,1.79%,3.12
smart whip pallet,1,50,2%,7.58
buy smart whip,1,46,2.17%,6.91
smart whip nitrous oxide,1,45,2.22%,6.38
smart whip cannister,1,42,2.38%,5.74
smartwhip case,1,38,2.63%,4.55
smart whips bulk,1,38,2.63%,10.95
smartwhip tanks,1,32,3.12%,2.59
smart whip balloons,1,30,3.33%,9.53
smartwhip nos,1,26,3.85%,9.92
smart whips.,1,23,4.35%,5.04
smartwhip gas,1,22,4.55%,3.27
smart whip cream chargers,1,22,4.55%,7.41
smartwjip,1,18,5.56%,2.11
smart whips liverpool,1,18,5.56%,10.94
cream chargers birmingham,1,16,6.25%,9.31
amnesia smartwhip,1,15,6.67%,5.33
smartwhipe,1,14,7.14%,2.07
smart whip same day delivery,1,4,25%,18.75
smartehips,1,3,33.33%,1
smart whip tesco,1,3,33.33%,2.67
are they in stores,1,1,100%,2
can i buy a box,1,1,100%,3
where can i buy them,1,1,100%,5
nitrous oxide canisters where to buy,1,1,100%,6
cream charger delivery,1,1,100%,13
what is smart whip,0,414,0%,8.83
whats smartwhip,0,196,0%,6.83
what is a smartwhip,0,141,0%,5.96
cream deluxe smartwhip,0,125,0%,7.7
smartwhup,0,113,0%,4.25
smartwhip crate,0,101,0%,15.22
gta smartwhip,0,100,0%,10.4
what is a smart whip,0,99,0%,10.19
smart ehip,0,90,0%,3.93
whats a smartwhip,0,81,0%,7.68
smart whip tank,0,69,0%,7.61
smart whipe,0,65,0%,4.11
wholesale smartwhip,0,62,0%,7.44
bulk smartwhip,0,59,0%,5.53
smartwhips wholesale,0,53,0%,10.02
smartwhip delivery,0,50,0%,6.26
smart wips,0,50,0%,6.7
smartwhip silver,0,50,0%,30.7
smart whop,0,49,0%,4.73
smartwhip fast gas,0,44,0%,17.16
smartwhipp,0,41,0%,4.68
smartwhip price,0,41,0%,7.73
whats a smart whip,0,40,0%,7.55
whats smart whip,0,38,0%,8.29
smart whi,0,36,0%,3.92
2kg smartwhips,0,35,0%,4.77
crate of smartwhip,0,35,0%,6.51
smart whips bristol,0,32,0%,9.09
smartwhip what is it,0,31,0%,8.48
smartwhip ebay,0,28,0%,5.32
smart whip tanks,0,28,0%,6.86
what is smart whips,0,28,0%,8.04
smart whip 2kg,0,27,0%,7.22
smartwhip amazon,0,27,0%,7.81
smart whips for sale,0,26,0%,7.46
smart whip cylinder,0,26,0%,20.85
smart whips balloons,0,25,0%,5.56
smart whip bottle,0,24,0%,4.04
cream chargers glasgow,0,23,0%,4
smart whip delivery,0,22,0%,10.64
smarthwip,0,20,0%,2.3
what are smart whips,0,20,0%,6.6
smartwhip whistle,0,20,0%,7.75
2kg whips,0,20,0%,7.9
smartwhip bottle,0,20,0%,8.1
smartwhip pallet price,0,20,0%,9.05
big smart whips,0,19,0%,5.05
what is in smart whip,0,18,0%,3.17
smart whip cream charger wholesale,0,18,0%,8.72
smart whip cream charger,0,18,0%,13
smart whip near me,0,18,0%,19
nitrous oxide smart whip,0,17,0%,13.76
what is smartwhips,0,16,0%,7.12
creme supreme smartwhip,0,16,0%,9.5
smart whip meaning,0,16,0%,23.56
mr whip,0,16,0%,29.88
how many balloons can you get out of a smartwhip,0,15,0%,3.27
smartwhip wholesale pallets cheap,0,15,0%,7.67
smart wipes,0,14,0%,1.07
how many balloons in a smartwhip,0,14,0%,2.5
balloons smartwhip,0,14,0%,3.57
smartwgip,0,14,0%,7.07
2kg whip,0,14,0%,9.71
magic smartwhip,0,14,0%,10.21
smart whipped,0,14,0%,35
what is in smartwhip,0,13,0%,3.31
what is smart wip,0,13,0%,5.54
smart whip gas,0,13,0%,7
is smartwhip nitrous oxide,0,12,0%,3.33
smartwhip uk where to buy,0,12,0%,3.5
smartwhips manchester,0,12,0%,5
what is smartwip,0,12,0%,6.33
gyro whip,0,12,0%,39.42
what's in smartwhip,0,11,0%,1
1kg smartwhip,0,11,0%,2.09
smart whip balloon,0,11,0%,6.55
how many balloons do you get out of a smartwhip,0,11,0%,7.55
smart whip cans,0,11,0%,8.18
smart whips near me,0,11,0%,11.55
whip smart,0,11,0%,56.64
smartwhip weight,0,10,0%,6
what's a smart whip,0,10,0%,17.1
smartwhip nozzle,0,10,0%,17.4
charging whips,0,10,0%,50.1
smartwhip logo,0,9,0%,1.89
smarthwhip,0,9,0%,4
what is a smart whip canister,0,9,0%,7.44
smartwhp,0,8,0%,7.12
smart whips meaning,0,8,0%,8.25
cream chargers newcastle,0,8,0%,65.12
what is in a smart whip,0,7,0%,1
3kg smartwhip,0,7,0%,2
smartwhip official website,0,7,0%,3.43
smartwhip box of 6,0,6,0%,9.5
smart whip crate,0,6,0%,54.17
whats in smart whip,0,5,0%,1
smaet whip,0,5,0%,2
smart whios,0,5,0%,2
smartwhip can,0,5,0%,3.2
smart.whip,0,5,0%,6.2
whats smart whips,0,5,0%,8
top whip,0,5,0%,38.6
fast whip,0,5,0%,53.4
smartwhip box,0,4,0%,10
smart whip what is it,0,4,0%,10.5
amnesia smart whip,0,4,0%,12
smartwhip pressure regulator,0,4,0%,15
what are smartwhips,0,4,0%,33.5
greatwhip,0,4,0%,52.75
how much is smart whip,0,3,0%,4
2kg cream charger,0,3,0%,5.33
smartwhip cream chargers,0,3,0%,5.67
cream charger delivery near me,0,3,0%,6
smartwip,0,3,0%,6
what's smartwhip,0,3,0%,6.67
smart whip crates,0,3,0%,11.67
2kg fastgas,0,3,0%,12.33
smart whip for sale,0,3,0%,12.33
smartwhips near me,0,3,0%,18
smartwhip same day delivery,0,3,0%,22.67
smart whip silver,0,3,0%,31.33
what is smartwhip used for,0,3,0%,47.33
whip cream chargers wholesale,0,3,0%,47.33
magic whip,0,3,0%,52
kirk langley,0,2,0%,1
smart wipe,0,2,0%,1
smartwhip big canister,0,2,0%,1.5
smartwhip gas canister,0,2,0%,2.5
smartwha,0,2,0%,3
cream chargers london,0,2,0%,4
smart whip cream,0,2,0%,4
smartwhip flavours,0,2,0%,4
cream chargers,0,2,0%,4.5
smart whio,0,2,0%,4.5
smart whip cracker,0,2,0%,5
smart whip can,0,2,0%,5.5
flavoured smartwhip,0,2,0%,9.5
24 hour cream chargers manchester,0,2,0%,10.5
whip case,0,2,0%,12.5
quick whips,0,2,0%,28.5
great whips,0,2,0%,36.5
smartwhip en gros,0,2,0%,40.5
what are smart whips used for,0,2,0%,41.5
bulk seller,0,1,0%,1
dr whip,0,1,0%,1
is smart whip nitrous oxide,0,1,0%,1
nitro,0,1,0%,1
smart whip effects,0,1,0%,1
what gas is smart whip,0,1,0%,1
what is the regular size,0,1,0%,1
whats in smart whips,0,1,0%,1
whats in smartwhip,0,1,0%,1
whip-smart,0,1,0%,1
wip smart,0,1,0%,1
a canister,0,1,0%,2
cost,0,1,0%,2
exotic whip 670g price,0,1,0%,2
i need some now,0,1,0%,2
pharmacy open near me,0,1,0%,2
sheffield,0,1,0%,2
shop near me,0,1,0%,2
smart whup,0,1,0%,2
smartwh,0,1,0%,2
try x whip,0,1,0%,2
uk,0,1,0%,2
which one is better,0,1,0%,2
700g,0,1,0%,3
goldwhip 700 price,0,1,0%,3
how much,0,1,0%,3
how much is a whip it canister,0,1,0%,3
huffing balloons,0,1,0%,3
ye,0,1,0%,3
crate of smart whips,0,1,0%,4
does uber,0,1,0%,4
gold whip 700 nitrous oxide price,0,1,0%,4
local retailer,0,1,0%,4
smart whip n2o,0,1,0%,4
smartwhip drugs,0,1,0%,4
where can you buy it,0,1,0%,4
cream charger delivery auckland,0,1,0%,5
mosa chargers,0,1,0%,5
what is considered large,0,1,0%,5
where else,0,1,0%,5
wholesalers in peterborough,0,1,0%,5
cream chargers delivery near me,0,1,0%,6
fastgas 2kg,0,1,0%,6
where can i buy one now,0,1,0%,6
where do they buy them?,0,1,0%,6
amnesia whip for sale,0,1,0%,7
slush puppie near me,0,1,0%,7
smart whip box,0,1,0%,7
smartwips,0,1,0%,8
tobacco shop near me,0,1,0%,8
shops near me open now,0,1,0%,9
shops open now near me,0,1,0%,9
700g smartwhip,0,1,0%,10
smartwhip gold,0,1,0%,10
where can i buy cream chargers near me,0,1,0%,10
price,0,1,0%,13
smartwhip costume,0,1,0%,13
price in uk,0,1,0%,14
what type is this,0,1,0%,14
smartwhip manchester where to buy,0,1,0%,19
quick whip uk,0,1,0%,23
smart whip amazon,0,1,0%,31
smartwhips meaning,0,1,0%,31
fresh whips,0,1,0%,32
purewhip,0,1,0%,36
is smartwhip class a,0,1,0%,37
fresh whip,0,1,0%,38
smart whip nozzle,0,1,0%,43
nutriwhip,0,1,0%,45
ez whip,0,1,0%,46
superwhip,0,1,0%,48
cosmic whip,0,1,0%,53
superwhips,0,1,0%,55
sick whip,0,1,0%,56
goldwhip 700,0,1,0%,59
bestwhip,0,1,0%,61
cream chargers bristol 24/7,0,1,0%,68
whip near me,0,1,0%,88